firm_id, firm_name, firm_street,firm_city,firm_state,firm_zip,firm_phone
05-212-3704,Morar LLC,8244 8th Junction,Albany,New York,12262,5185522662
19-605-3360,Wuckert Group,3 Hansons Parkway,Jersey City,New Jersey,07310,2012003414
38-183-8757,Luettgen-Hansen,3539 Ridge Oak Road,Albany,New York,12255,5186419858
18-439-1489,Baumbach-Prosacco,92475 Loftsgordon Court,Huntington,West Virginia,25716,3043331929
82-858-3085,"Zboncak, Schimmel and Gleason",469 High Crossing Drive,Whittier,California,90610,5623981492
22-285-1947,"Yundt, Kuhic and Langworth",45 Clemons Road,Santa Ana,California,92705,6199014061
31-448-4700,Quigley-Little,81 Quincy Center,Boise,Idaho,83705,2084230488
28-990-1568,"Pagac, Heller and McGlynn",76477 Springview Park,New Orleans,Louisiana,70124,9851061875
52-271-5785,"MacGyver, Von and McGlynn",89 Del Mar Parkway,Nashville,Tennessee,37210,6159055447
99-416-9999,"Corwin, Jakubowski and Wehner",99 Toban Road,Chesapeake,Virginia,23324,7577963569
44-618-0600,Mayer-Metz,99279 Dorton Avenue,Mansfield,Ohio,44905,4195881524
24-809-5785,"Ullrich, Doyle and Dach",0 Cody Center,Seattle,Washington,98121,2064555047
26-647-2021,"Collier, Blick and Beier",10381 Coleman Plaza,Jackson,Mississippi,39236,6019788387
27-836-4773,"Beatty, Kautzer and Metz",84 Chinook Lane,Canton,Ohio,44710,3303544892
87-043-6401,Bogan LLC,3708 Pine View Center,San Francisco,California,94121,8588494175
22-323-0813,Lebsack-Hegmann,858 Eggendart Avenue,Washington,District of Columbia,20508,2026679206
64-866-6708,"Mraz, Roberts and Hayes",04 Moland Circle,Mobile,Alabama,36616,2513471742
39-256-1100,Marvin Inc,7133 Carpenter Place,South Bend,Indiana,46699,5745288947
69-192-7922,"Roberts, White and Sporer",51 Jana Point,Tyler,Texas,75710,9031982328
88-111-7817,Ziemann-Considine,23047 Menomonie Avenue,San Francisco,California,94116,4154954318
36-768-2911,"Fadel, Koepp and Lynch",08405 Bluestem Circle,Brooklyn,New York,11210,3473679341
14-384-2939,Paucek Inc,9 Graceland Crossing,Dayton,Ohio,45414,9372652002
80-711-7692,Wilderman Group,31 Mendota Lane,Boise,Idaho,83757,2081682761
40-386-3571,"Dare, Considine and Zulauf",019 Amoth Avenue,Saint Augustine,Florida,32092,9041091934
96-251-8140,Bartoletti-Mayer,05 Arrowood Drive,Fort Worth,Texas,76110,6821926490
77-304-4805,Goodwin Group,1 Westend Crossing,Bakersfield,California,93305,8053011050
78-297-6374,Spencer-Blanda,65342 Bonner Center,Mansfield,Ohio,44905,4193470328
14-373-4613,"Cole, Dickens and Feest",966 Ohio Street,Sandy,Utah,84093,8016517180
93-738-4268,"Cormier, Nader and Rath",246 Pearson Circle,Las Vegas,Nevada,89125,7027044434
74-575-2423,"Schroeder, Gleason and Jacobi",606 Memorial Avenue,Washington,District of Columbia,20442,2022932082
