taskid,description,case_id
53363,pede malesuada in imperdiet et commodo vulputate justo in blandit ultrices,101011
71557,vel pede morbi porttitor lorem id ligula suspendisse ornare consequat lectus,101681
84791,in hac habitasse platea dictumst etiam faucibus cursus urna ut,103872
64511,lacinia sapien quis libero nullam sit amet turpis elementum ligula vehicula,103912
22209,neque duis bibendum morbi non quam nec dui luctus rutrum,104194
64133,turpis donec posuere metus vitae ipsum aliquam non mauris morbi non,104778
80040,nunc commodo placerat praesent blandit nam nulla integer pede justo lacinia,105235
61714,est quam pharetra magna ac consequat metus sapien ut nunc vestibulum,106411
85806,sed interdum venenatis turpis enim blandit mi in porttitor pede,106833
13353,pede ullamcorper augue a suscipit nulla elit ac nulla sed,110603
45302,volutpat in congue etiam justo etiam pretium iaculis justo in,111341
79068,vestibulum ante ipsum primis in faucibus orci luctus et ultrices,111442
21872,diam cras pellentesque volutpat dui maecenas tristique est et tempus,112516
90082,dui luctus rutrum nulla tellus in sagittis dui vel nisl duis,113455
52591,cursus vestibulum proin eu mi nulla ac enim in tempor,114444
35669,magna at nunc commodo placerat praesent blandit nam nulla integer,116656
24430,sem praesent id massa id nisl venenatis lacinia aenean sit amet,117103
21221,pede ac diam cras pellentesque volutpat dui maecenas tristique est,117837
35858,pellentesque ultrices mattis odio donec vitae nisi nam ultrices libero,118859
56860,eros vestibulum ac est lacinia nisi venenatis tristique fusce congue diam,121048
81641,quis turpis eget elit sodales scelerisque mauris sit amet eros suspendisse,121766
74290,semper sapien a libero nam dui proin leo odio porttitor id,124284
84209,metus arcu adipiscing molestie hendrerit at vulputate vitae nisl aenean lectus,126382
66597,ultricies eu nibh quisque id justo sit amet sapien dignissim,126432
50174,justo in hac habitasse platea dictumst etiam faucibus cursus urna ut,126460
21244,pede justo lacinia eget tincidunt eget tempus vel pede morbi,127857
98748,sed lacus morbi sem mauris laoreet ut rhoncus aliquet pulvinar,129109
77381,id nulla ultrices aliquet maecenas leo odio condimentum id luctus,129859
85956,dui nec nisi volutpat eleifend donec ut dolor morbi vel lectus,130121
33858,suspendisse potenti in eleifend quam a odio in hac habitasse platea,133270
67987,blandit lacinia erat vestibulum sed magna at nunc commodo placerat praesent,134221
87292,morbi vestibulum velit id pretium iaculis diam erat fermentum justo,136788
47937,pede libero quis orci nullam molestie nibh in lectus pellentesque at,137243
27808,accumsan odio curabitur convallis duis consequat dui nec nisi volutpat,137931
19463,sed accumsan felis ut at dolor quis odio consequat varius,138702
77801,consequat ut nulla sed accumsan felis ut at dolor quis,141469
62759,metus sapien ut nunc vestibulum ante ipsum primis in faucibus,142550
38162,orci luctus et ultrices posuere cubilia curae mauris viverra diam,142949
92967,duis at velit eu est congue elementum in hac habitasse platea,143127
25291,tincidunt eget tempus vel pede morbi porttitor lorem id ligula,146278
49447,consequat metus sapien ut nunc vestibulum ante ipsum primis in faucibus,150344
12719,egestas metus aenean fermentum donec ut mauris eget massa tempor,150747
79634,metus vitae ipsum aliquam non mauris morbi non lectus aliquam,151369
59078,platea dictumst aliquam augue quam sollicitudin vitae consectetuer eget rutrum,151466
24227,nulla nisl nunc nisl duis bibendum felis sed interdum venenatis,152643
88156,urna ut tellus nulla ut erat id mauris vulputate elementum nullam,152816
60364,risus dapibus augue vel accumsan tellus nisi eu orci mauris lacinia,152856
93243,ut massa volutpat convallis morbi odio odio elementum eu interdum,152994
43694,in eleifend quam a odio in hac habitasse platea dictumst maecenas,153108
23566,tincidunt eu felis fusce posuere felis sed lacus morbi sem mauris,153588
20666,eros elementum pellentesque quisque porta volutpat erat quisque erat eros,154204
12274,nec dui luctus rutrum nulla tellus in sagittis dui vel,154497
10254,adipiscing elit proin risus praesent lectus vestibulum quam sapien varius,155192
51358,dictumst morbi vestibulum velit id pretium iaculis diam erat fermentum justo,155483
85813,mi pede malesuada in imperdiet et commodo vulputate justo in,155489
66428,faucibus orci luctus et ultrices posuere cubilia curae duis faucibus accumsan,156314
84972,neque vestibulum eget vulputate ut ultrices vel augue vestibulum ante ipsum,157668
14326,lacinia sapien quis libero nullam sit amet turpis elementum ligula vehicula,158224
49846,at lorem integer tincidunt ante vel ipsum praesent blandit lacinia erat,159462
65702,sollicitudin mi sit amet lobortis sapien sapien non mi integer ac,159883
57770,nibh in quis justo maecenas rhoncus aliquam lacus morbi quis tortor,160113
71848,nunc nisl duis bibendum felis sed interdum venenatis turpis enim blandit,160477
39034,interdum venenatis turpis enim blandit mi in porttitor pede justo eu,160799
30305,pretium iaculis justo in hac habitasse platea dictumst etiam faucibus,163529
19841,rutrum neque aenean auctor gravida sem praesent id massa id,164333
79232,ut rhoncus aliquet pulvinar sed nisl nunc rhoncus dui vel sem,165740
96141,faucibus orci luctus et ultrices posuere cubilia curae nulla dapibus,165847
52921,in felis donec semper sapien a libero nam dui proin leo,166338
53681,sit amet consectetuer adipiscing elit proin risus praesent lectus vestibulum,167151
56340,odio in hac habitasse platea dictumst maecenas ut massa quis augue,167800
99762,felis ut at dolor quis odio consequat varius integer ac,168223
65657,risus dapibus augue vel accumsan tellus nisi eu orci mauris lacinia,168244
84218,eu magna vulputate luctus cum sociis natoque penatibus et magnis,170172
57185,sit amet diam in magna bibendum imperdiet nullam orci pede venenatis,173891
49391,nonummy integer non velit donec diam neque vestibulum eget vulputate,176963
12075,turpis donec posuere metus vitae ipsum aliquam non mauris morbi,178345
39602,luctus ultricies eu nibh quisque id justo sit amet sapien,179031
92437,vulputate justo in blandit ultrices enim lorem ipsum dolor sit amet,179348
42702,mauris laoreet ut rhoncus aliquet pulvinar sed nisl nunc rhoncus,179413
91867,vestibulum eget vulputate ut ultrices vel augue vestibulum ante ipsum primis,180448
99384,non mauris morbi non lectus aliquam sit amet diam in,181261
59448,maecenas ut massa quis augue luctus tincidunt nulla mollis molestie lorem,181500
16897,urna pretium nisl ut volutpat sapien arcu sed augue aliquam erat,181996
47240,in tempor turpis nec euismod scelerisque quam turpis adipiscing lorem vitae,182611
49214,nulla nunc purus phasellus in felis donec semper sapien a,183980
30310,nisl nunc rhoncus dui vel sem sed sagittis nam congue risus,184457
26760,elementum eu interdum eu tincidunt in leo maecenas pulvinar lobortis est,185361
81521,eget semper rutrum nulla nunc purus phasellus in felis donec,185551
95037,maecenas tristique est et tempus semper est quam pharetra magna,186708
25806,leo maecenas pulvinar lobortis est phasellus sit amet erat nulla tempus,187370
64090,congue vivamus metus arcu adipiscing molestie hendrerit at vulputate vitae,187560
88580,vestibulum sed magna at nunc commodo placerat praesent blandit nam nulla,189592
47244,massa volutpat convallis morbi odio odio elementum eu interdum eu,190037
39512,non quam nec dui luctus rutrum nulla tellus in sagittis,190882
80706,vestibulum quam sapien varius ut blandit non interdum in ante,191460
96665,eu tincidunt in leo maecenas pulvinar lobortis est phasellus sit amet,192413
76484,in hac habitasse platea dictumst aliquam augue quam sollicitudin vitae,192745
97440,sollicitudin vitae consectetuer eget rutrum at lorem integer tincidunt ante,193263
61026,lorem quisque ut erat curabitur gravida nisi at nibh in hac,193968
93632,tempor turpis nec euismod scelerisque quam turpis adipiscing lorem vitae mattis,197175
23162,quis tortor id nulla ultrices aliquet maecenas leo odio condimentum id,197263
43424,leo odio porttitor id consequat in consequat ut nulla sed,197645
78339,blandit ultrices enim lorem ipsum dolor sit amet consectetuer adipiscing elit,198364
63451,amet sapien dignissim vestibulum vestibulum ante ipsum primis in faucibus orci,199009
84183,justo in hac habitasse platea dictumst etiam faucibus cursus urna ut,199127
34267,ligula suspendisse ornare consequat lectus in est risus auctor sed tristique,199404
78475,non velit donec diam neque vestibulum eget vulputate ut ultrices vel,199565
35291,lorem ipsum dolor sit amet consectetuer adipiscing elit proin risus praesent,199846
75180,habitasse platea dictumst morbi vestibulum velit id pretium iaculis diam erat,200008
93883,nec nisi vulputate nonummy maecenas tincidunt lacus at velit vivamus,200360
43541,lorem ipsum dolor sit amet consectetuer adipiscing elit proin risus praesent,201331
24369,ultrices phasellus id sapien in sapien iaculis congue vivamus metus,201580
92309,et magnis dis parturient montes nascetur ridiculus mus etiam vel,202760
92804,massa volutpat convallis morbi odio odio elementum eu interdum eu tincidunt,203574
46418,turpis a pede posuere nonummy integer non velit donec diam neque,203662
55838,felis eu sapien cursus vestibulum proin eu mi nulla ac,203886
24846,nullam molestie nibh in lectus pellentesque at nulla suspendisse potenti cras,205373
86015,rhoncus sed vestibulum sit amet cursus id turpis integer aliquet massa,206142
93390,lectus suspendisse potenti in eleifend quam a odio in hac,206981
92906,pellentesque ultrices phasellus id sapien in sapien iaculis congue vivamus,207985
41846,nulla pede ullamcorper augue a suscipit nulla elit ac nulla sed,208851
69071,morbi a ipsum integer a nibh in quis justo maecenas rhoncus,209029
19529,luctus et ultrices posuere cubilia curae donec pharetra magna vestibulum,209406
88610,id pretium iaculis diam erat fermentum justo nec condimentum neque sapien,211096
94505,risus semper porta volutpat quam pede lobortis ligula sit amet,211678
15283,est risus auctor sed tristique in tempus sit amet sem,211852
42217,donec posuere metus vitae ipsum aliquam non mauris morbi non,212095
79218,dictumst maecenas ut massa quis augue luctus tincidunt nulla mollis,212480
93628,sed sagittis nam congue risus semper porta volutpat quam pede lobortis,213468
70371,sapien ut nunc vestibulum ante ipsum primis in faucibus orci,213982
27051,interdum mauris non ligula pellentesque ultrices phasellus id sapien in,216126
86760,nulla sed accumsan felis ut at dolor quis odio consequat varius,216235
78741,libero nullam sit amet turpis elementum ligula vehicula consequat morbi,217408
86551,imperdiet sapien urna pretium nisl ut volutpat sapien arcu sed,218980
99426,erat vestibulum sed magna at nunc commodo placerat praesent blandit nam,221157
43484,fermentum donec ut mauris eget massa tempor convallis nulla neque,222765
83360,ante nulla justo aliquam quis turpis eget elit sodales scelerisque mauris,224638
30400,lobortis sapien sapien non mi integer ac neque duis bibendum morbi,224930
52592,nullam orci pede venenatis non sodales sed tincidunt eu felis fusce,225381
81098,feugiat et eros vestibulum ac est lacinia nisi venenatis tristique fusce,226373
34186,primis in faucibus orci luctus et ultrices posuere cubilia curae nulla,230893
12526,proin interdum mauris non ligula pellentesque ultrices phasellus id sapien in,231470
50598,turpis elementum ligula vehicula consequat morbi a ipsum integer a nibh,231679
30372,etiam vel augue vestibulum rutrum rutrum neque aenean auctor gravida sem,232025
13920,interdum in ante vestibulum ante ipsum primis in faucibus orci luctus,232327
28514,ut erat id mauris vulputate elementum nullam varius nulla facilisi,233385
51943,arcu libero rutrum ac lobortis vel dapibus at diam nam,233564
10144,sit amet nunc viverra dapibus nulla suscipit ligula in lacus curabitur,233618
10922,morbi vel lectus in quam fringilla rhoncus mauris enim leo rhoncus,234588
37066,morbi vestibulum velit id pretium iaculis diam erat fermentum justo,234934
74834,nibh in quis justo maecenas rhoncus aliquam lacus morbi quis tortor,236157
90378,donec vitae nisi nam ultrices libero non mattis pulvinar nulla pede,236881
13841,amet nulla quisque arcu libero rutrum ac lobortis vel dapibus,237213
82191,volutpat eleifend donec ut dolor morbi vel lectus in quam,238746
84238,non velit donec diam neque vestibulum eget vulputate ut ultrices vel,239323
71498,nullam orci pede venenatis non sodales sed tincidunt eu felis,239446
31428,justo eu massa donec dapibus duis at velit eu est,239891
78473,blandit non interdum in ante vestibulum ante ipsum primis in faucibus,242036
86176,gravida sem praesent id massa id nisl venenatis lacinia aenean sit,242391
63637,commodo placerat praesent blandit nam nulla integer pede justo lacinia,242698
87607,sagittis nam congue risus semper porta volutpat quam pede lobortis ligula,243026
43918,maecenas pulvinar lobortis est phasellus sit amet erat nulla tempus,244353
38731,etiam faucibus cursus urna ut tellus nulla ut erat id mauris,245048
42470,duis mattis egestas metus aenean fermentum donec ut mauris eget massa,245207
47572,sed augue aliquam erat volutpat in congue etiam justo etiam,245498
87607,sollicitudin vitae consectetuer eget rutrum at lorem integer tincidunt ante,248004
29732,ultrices libero non mattis pulvinar nulla pede ullamcorper augue a suscipit,248988
96939,quis turpis eget elit sodales scelerisque mauris sit amet eros suspendisse,249880
48358,elit ac nulla sed vel enim sit amet nunc viverra dapibus,250704
74230,in libero ut massa volutpat convallis morbi odio odio elementum,251609
52404,nisl aenean lectus pellentesque eget nunc donec quis orci eget orci,251773
68066,pharetra magna vestibulum aliquet ultrices erat tortor sollicitudin mi sit,252384
36748,phasellus in felis donec semper sapien a libero nam dui proin,252558
80891,est risus auctor sed tristique in tempus sit amet sem fusce,255331
52177,venenatis turpis enim blandit mi in porttitor pede justo eu massa,258441
31144,vestibulum proin eu mi nulla ac enim in tempor turpis,258891
49995,vestibulum velit id pretium iaculis diam erat fermentum justo nec condimentum,259070
64766,ultrices phasellus id sapien in sapien iaculis congue vivamus metus,261759
40683,consectetuer eget rutrum at lorem integer tincidunt ante vel ipsum,262693
27332,purus phasellus in felis donec semper sapien a libero nam,264008
38709,augue aliquam erat volutpat in congue etiam justo etiam pretium,264370
68388,ac est lacinia nisi venenatis tristique fusce congue diam id ornare,266177
21716,ultrices enim lorem ipsum dolor sit amet consectetuer adipiscing elit proin,266414
17372,id pretium iaculis diam erat fermentum justo nec condimentum neque,266839
72072,nibh in hac habitasse platea dictumst aliquam augue quam sollicitudin,268831
12722,dignissim vestibulum vestibulum ante ipsum primis in faucibus orci luctus et,269148
75458,dictumst morbi vestibulum velit id pretium iaculis diam erat fermentum justo,271203
11220,consequat metus sapien ut nunc vestibulum ante ipsum primis in,271463
18826,erat tortor sollicitudin mi sit amet lobortis sapien sapien non mi,272833
65413,eleifend luctus ultricies eu nibh quisque id justo sit amet,272866
37614,vulputate nonummy maecenas tincidunt lacus at velit vivamus vel nulla eget,273328
22974,interdum eu tincidunt in leo maecenas pulvinar lobortis est phasellus,273708
31878,pellentesque ultrices mattis odio donec vitae nisi nam ultrices libero non,273792
91076,feugiat et eros vestibulum ac est lacinia nisi venenatis tristique,276125
29947,donec semper sapien a libero nam dui proin leo odio,281924
82789,erat tortor sollicitudin mi sit amet lobortis sapien sapien non,282309
91056,felis ut at dolor quis odio consequat varius integer ac,282367
54529,vel accumsan tellus nisi eu orci mauris lacinia sapien quis libero,283064
36618,augue luctus tincidunt nulla mollis molestie lorem quisque ut erat,283763
82107,lacus morbi quis tortor id nulla ultrices aliquet maecenas leo odio,284289
75747,justo lacinia eget tincidunt eget tempus vel pede morbi porttitor lorem,284313
70138,nam dui proin leo odio porttitor id consequat in consequat,284666
42011,pellentesque eget nunc donec quis orci eget orci vehicula condimentum,285280
54175,porttitor pede justo eu massa donec dapibus duis at velit,286116
72594,etiam faucibus cursus urna ut tellus nulla ut erat id,286398
85749,et ultrices posuere cubilia curae nulla dapibus dolor vel est,286461
37776,integer pede justo lacinia eget tincidunt eget tempus vel pede,287985
53538,dapibus nulla suscipit ligula in lacus curabitur at ipsum ac tellus,288158
13082,dictumst maecenas ut massa quis augue luctus tincidunt nulla mollis molestie,288880
32407,duis mattis egestas metus aenean fermentum donec ut mauris eget massa,290035
65124,pulvinar nulla pede ullamcorper augue a suscipit nulla elit ac,291321
21793,hac habitasse platea dictumst maecenas ut massa quis augue luctus tincidunt,291739
56255,amet lobortis sapien sapien non mi integer ac neque duis bibendum,294385
17380,nisl duis bibendum felis sed interdum venenatis turpis enim blandit mi,294771
76720,erat id mauris vulputate elementum nullam varius nulla facilisi cras,295684
69935,fusce lacus purus aliquet at feugiat non pretium quis lectus suspendisse,296672
74212,placerat praesent blandit nam nulla integer pede justo lacinia eget,297051
56472,pede ullamcorper augue a suscipit nulla elit ac nulla sed vel,298036
96402,erat id mauris vulputate elementum nullam varius nulla facilisi cras,298122
94806,sem duis aliquam convallis nunc proin at turpis a pede,299800
99658,lacinia erat vestibulum sed magna at nunc commodo placerat praesent blandit,300258
57459,nulla sed vel enim sit amet nunc viverra dapibus nulla,300401
52567,aliquam convallis nunc proin at turpis a pede posuere nonummy integer,301016
14083,vel sem sed sagittis nam congue risus semper porta volutpat quam,301732
65636,et tempus semper est quam pharetra magna ac consequat metus sapien,302161
63651,ut erat id mauris vulputate elementum nullam varius nulla facilisi,308770
43850,ac consequat metus sapien ut nunc vestibulum ante ipsum primis,309429
87484,suspendisse potenti cras in purus eu magna vulputate luctus cum,312411
89133,erat tortor sollicitudin mi sit amet lobortis sapien sapien non mi,314018
48157,nunc proin at turpis a pede posuere nonummy integer non velit,314242
94420,pretium iaculis justo in hac habitasse platea dictumst etiam faucibus cursus,315844
49688,dapibus dolor vel est donec odio justo sollicitudin ut suscipit,316176
58192,convallis eget eleifend luctus ultricies eu nibh quisque id justo sit,316932
78906,donec posuere metus vitae ipsum aliquam non mauris morbi non lectus,318036
91536,lectus pellentesque at nulla suspendisse potenti cras in purus eu magna,318910
68106,ut odio cras mi pede malesuada in imperdiet et commodo,320370
62204,pulvinar lobortis est phasellus sit amet erat nulla tempus vivamus in,320720
54930,habitasse platea dictumst etiam faucibus cursus urna ut tellus nulla,323411
80387,ut at dolor quis odio consequat varius integer ac leo,325109
88307,mi pede malesuada in imperdiet et commodo vulputate justo in blandit,326822
69302,at nunc commodo placerat praesent blandit nam nulla integer pede,327952
83225,volutpat quam pede lobortis ligula sit amet eleifend pede libero,328132
57705,aenean lectus pellentesque eget nunc donec quis orci eget orci,329590
21974,ut odio cras mi pede malesuada in imperdiet et commodo vulputate,330835
87716,turpis sed ante vivamus tortor duis mattis egestas metus aenean,331406
77094,convallis eget eleifend luctus ultricies eu nibh quisque id justo,332677
71295,nam nulla integer pede justo lacinia eget tincidunt eget tempus vel,333050
84843,ultrices vel augue vestibulum ante ipsum primis in faucibus orci luctus,335628
57401,venenatis turpis enim blandit mi in porttitor pede justo eu massa,336597
85256,sapien urna pretium nisl ut volutpat sapien arcu sed augue,337126
37106,velit vivamus vel nulla eget eros elementum pellentesque quisque porta,338874
37136,erat curabitur gravida nisi at nibh in hac habitasse platea,339173
94051,eu tincidunt in leo maecenas pulvinar lobortis est phasellus sit amet,340146
39678,rutrum neque aenean auctor gravida sem praesent id massa id,340948
72623,aenean lectus pellentesque eget nunc donec quis orci eget orci vehicula,341005
94366,luctus et ultrices posuere cubilia curae mauris viverra diam vitae quam,341564
81155,justo morbi ut odio cras mi pede malesuada in imperdiet et,341813
62600,congue diam id ornare imperdiet sapien urna pretium nisl ut,342740
86107,orci pede venenatis non sodales sed tincidunt eu felis fusce posuere,344536
82462,suscipit a feugiat et eros vestibulum ac est lacinia nisi venenatis,345469
72731,pede lobortis ligula sit amet eleifend pede libero quis orci nullam,345741
33530,nec molestie sed justo pellentesque viverra pede ac diam cras,345878
41187,orci luctus et ultrices posuere cubilia curae donec pharetra magna,346122
42542,eleifend quam a odio in hac habitasse platea dictumst maecenas ut,346144
24285,augue a suscipit nulla elit ac nulla sed vel enim sit,348765
92315,vitae mattis nibh ligula nec sem duis aliquam convallis nunc,350727
32374,justo maecenas rhoncus aliquam lacus morbi quis tortor id nulla,351106
49088,vestibulum ante ipsum primis in faucibus orci luctus et ultrices posuere,351552
50058,varius nulla facilisi cras non velit nec nisi vulputate nonummy,351762
20917,nulla pede ullamcorper augue a suscipit nulla elit ac nulla,354280
34171,leo pellentesque ultrices mattis odio donec vitae nisi nam ultrices,354702
88332,sapien cursus vestibulum proin eu mi nulla ac enim in,354845
73139,rutrum rutrum neque aenean auctor gravida sem praesent id massa,356912
92049,nunc rhoncus dui vel sem sed sagittis nam congue risus,357972
42750,urna pretium nisl ut volutpat sapien arcu sed augue aliquam,359558
27953,vulputate ut ultrices vel augue vestibulum ante ipsum primis in faucibus,360573
59230,venenatis turpis enim blandit mi in porttitor pede justo eu,361244
44799,ut ultrices vel augue vestibulum ante ipsum primis in faucibus,362329
55402,enim leo rhoncus sed vestibulum sit amet cursus id turpis,363225
75314,orci mauris lacinia sapien quis libero nullam sit amet turpis,364552
79906,bibendum morbi non quam nec dui luctus rutrum nulla tellus,366615
59339,sed augue aliquam erat volutpat in congue etiam justo etiam,366649
78814,congue elementum in hac habitasse platea dictumst morbi vestibulum velit,366666
95185,vivamus vestibulum sagittis sapien cum sociis natoque penatibus et magnis dis,368016
39900,nonummy maecenas tincidunt lacus at velit vivamus vel nulla eget,368152
39418,in hac habitasse platea dictumst maecenas ut massa quis augue,368387
93141,lacinia erat vestibulum sed magna at nunc commodo placerat praesent blandit,368985
99454,quam suspendisse potenti nullam porttitor lacus at turpis donec posuere metus,369361
34042,ipsum aliquam non mauris morbi non lectus aliquam sit amet,369688
30730,etiam justo etiam pretium iaculis justo in hac habitasse platea dictumst,369808
59504,lectus aliquam sit amet diam in magna bibendum imperdiet nullam,373305
44002,tincidunt in leo maecenas pulvinar lobortis est phasellus sit amet erat,375839
96493,dapibus augue vel accumsan tellus nisi eu orci mauris lacinia sapien,378343
21902,velit id pretium iaculis diam erat fermentum justo nec condimentum neque,379232
34837,condimentum curabitur in libero ut massa volutpat convallis morbi odio,379279
50691,volutpat in congue etiam justo etiam pretium iaculis justo in,379581
53468,tellus in sagittis dui vel nisl duis ac nibh fusce,379869
68868,at ipsum ac tellus semper interdum mauris ullamcorper purus sit,382037
64678,sit amet cursus id turpis integer aliquet massa id lobortis,383066
70200,platea dictumst maecenas ut massa quis augue luctus tincidunt nulla,383537
37714,est et tempus semper est quam pharetra magna ac consequat metus,384275
90367,in lectus pellentesque at nulla suspendisse potenti cras in purus,384338
39598,id nisl venenatis lacinia aenean sit amet justo morbi ut odio,384905
20217,aliquam non mauris morbi non lectus aliquam sit amet diam in,386738
63604,etiam pretium iaculis justo in hac habitasse platea dictumst etiam faucibus,387024
55055,nunc proin at turpis a pede posuere nonummy integer non velit,388781
94965,vulputate justo in blandit ultrices enim lorem ipsum dolor sit,390890
64216,fusce lacus purus aliquet at feugiat non pretium quis lectus,391354
62341,nulla tellus in sagittis dui vel nisl duis ac nibh fusce,391655
69195,diam cras pellentesque volutpat dui maecenas tristique est et tempus,391846
68130,dui vel nisl duis ac nibh fusce lacus purus aliquet at,392181
52906,ipsum primis in faucibus orci luctus et ultrices posuere cubilia curae,392838
57085,lobortis ligula sit amet eleifend pede libero quis orci nullam,393676
77984,odio elementum eu interdum eu tincidunt in leo maecenas pulvinar,394641
23409,molestie nibh in lectus pellentesque at nulla suspendisse potenti cras,396454
70159,dolor sit amet consectetuer adipiscing elit proin interdum mauris non,397201
13981,venenatis turpis enim blandit mi in porttitor pede justo eu massa,397249
88466,justo sit amet sapien dignissim vestibulum vestibulum ante ipsum primis in,397910
31710,vulputate ut ultrices vel augue vestibulum ante ipsum primis in,398725
98822,vestibulum velit id pretium iaculis diam erat fermentum justo nec,399272
86345,phasellus id sapien in sapien iaculis congue vivamus metus arcu,399383
57145,blandit nam nulla integer pede justo lacinia eget tincidunt eget tempus,402169
45831,duis bibendum morbi non quam nec dui luctus rutrum nulla tellus,402648
42851,molestie hendrerit at vulputate vitae nisl aenean lectus pellentesque eget,403115
62203,aliquet pulvinar sed nisl nunc rhoncus dui vel sem sed sagittis,404757
72158,nascetur ridiculus mus vivamus vestibulum sagittis sapien cum sociis natoque penatibus,406184
23493,sit amet sapien dignissim vestibulum vestibulum ante ipsum primis in,406276
36111,eget vulputate ut ultrices vel augue vestibulum ante ipsum primis,406369
47420,posuere cubilia curae nulla dapibus dolor vel est donec odio justo,406677
47769,nisi nam ultrices libero non mattis pulvinar nulla pede ullamcorper augue,407031
94246,urna ut tellus nulla ut erat id mauris vulputate elementum nullam,407067
39065,tempus semper est quam pharetra magna ac consequat metus sapien,407142
58873,vestibulum ante ipsum primis in faucibus orci luctus et ultrices,407385
45280,id massa id nisl venenatis lacinia aenean sit amet justo morbi,409161
92867,nibh fusce lacus purus aliquet at feugiat non pretium quis,409476
76940,lectus in quam fringilla rhoncus mauris enim leo rhoncus sed,409866
87922,viverra pede ac diam cras pellentesque volutpat dui maecenas tristique est,410190
64768,velit nec nisi vulputate nonummy maecenas tincidunt lacus at velit vivamus,410355
27674,interdum in ante vestibulum ante ipsum primis in faucibus orci,410475
77590,nunc commodo placerat praesent blandit nam nulla integer pede justo,411653
90780,ullamcorper purus sit amet nulla quisque arcu libero rutrum ac,411823
27420,nisl venenatis lacinia aenean sit amet justo morbi ut odio cras,412111
16328,mauris sit amet eros suspendisse accumsan tortor quis turpis sed ante,413427
66114,in faucibus orci luctus et ultrices posuere cubilia curae mauris,413837
51707,ultrices posuere cubilia curae nulla dapibus dolor vel est donec odio,414209
83021,integer tincidunt ante vel ipsum praesent blandit lacinia erat vestibulum,415870
72781,fusce consequat nulla nisl nunc nisl duis bibendum felis sed interdum,415885
63026,luctus rutrum nulla tellus in sagittis dui vel nisl duis,416485
30173,dui proin leo odio porttitor id consequat in consequat ut,416907
63489,in magna bibendum imperdiet nullam orci pede venenatis non sodales,419350
71619,pretium quis lectus suspendisse potenti in eleifend quam a odio in,419376
48954,in congue etiam justo etiam pretium iaculis justo in hac habitasse,419404
94349,sapien sapien non mi integer ac neque duis bibendum morbi,419993
23712,lorem quisque ut erat curabitur gravida nisi at nibh in hac,420713
76037,habitasse platea dictumst aliquam augue quam sollicitudin vitae consectetuer eget,422691
96153,lorem ipsum dolor sit amet consectetuer adipiscing elit proin risus,423523
92768,morbi non lectus aliquam sit amet diam in magna bibendum imperdiet,425433
14147,quis justo maecenas rhoncus aliquam lacus morbi quis tortor id,426258
65712,primis in faucibus orci luctus et ultrices posuere cubilia curae duis,427470
35279,natoque penatibus et magnis dis parturient montes nascetur ridiculus mus,427594
31407,morbi a ipsum integer a nibh in quis justo maecenas,428047
16848,nisi volutpat eleifend donec ut dolor morbi vel lectus in quam,428170
18344,augue luctus tincidunt nulla mollis molestie lorem quisque ut erat curabitur,429195
46800,risus auctor sed tristique in tempus sit amet sem fusce consequat,430799
51915,cubilia curae mauris viverra diam vitae quam suspendisse potenti nullam,431100
25851,odio curabitur convallis duis consequat dui nec nisi volutpat eleifend donec,431526
96552,laoreet ut rhoncus aliquet pulvinar sed nisl nunc rhoncus dui vel,432227
42847,hac habitasse platea dictumst aliquam augue quam sollicitudin vitae consectetuer,432571
29347,purus sit amet nulla quisque arcu libero rutrum ac lobortis vel,433948
54190,quis justo maecenas rhoncus aliquam lacus morbi quis tortor id nulla,435182
70035,ipsum aliquam non mauris morbi non lectus aliquam sit amet,435447
37095,faucibus orci luctus et ultrices posuere cubilia curae mauris viverra,437617
88250,porttitor lacus at turpis donec posuere metus vitae ipsum aliquam,438832
81560,at velit eu est congue elementum in hac habitasse platea,440827
88610,tempus vel pede morbi porttitor lorem id ligula suspendisse ornare,441826
97144,amet justo morbi ut odio cras mi pede malesuada in,441836
26052,volutpat quam pede lobortis ligula sit amet eleifend pede libero quis,443572
72185,pede ac diam cras pellentesque volutpat dui maecenas tristique est,446055
74250,id turpis integer aliquet massa id lobortis convallis tortor risus,446283
32756,donec posuere metus vitae ipsum aliquam non mauris morbi non lectus,447977
15787,in sagittis dui vel nisl duis ac nibh fusce lacus,448077
17302,non interdum in ante vestibulum ante ipsum primis in faucibus orci,449007
30746,sit amet diam in magna bibendum imperdiet nullam orci pede,449059
61519,sit amet nulla quisque arcu libero rutrum ac lobortis vel dapibus,449268
20525,aenean auctor gravida sem praesent id massa id nisl venenatis,452510
21818,risus auctor sed tristique in tempus sit amet sem fusce,455684
94011,orci eget orci vehicula condimentum curabitur in libero ut massa volutpat,455866
90979,turpis adipiscing lorem vitae mattis nibh ligula nec sem duis,455957
16622,ut massa volutpat convallis morbi odio odio elementum eu interdum eu,456000
24580,nulla sed accumsan felis ut at dolor quis odio consequat,456069
82206,suspendisse potenti cras in purus eu magna vulputate luctus cum,458363
26050,ante ipsum primis in faucibus orci luctus et ultrices posuere,460420
21978,id consequat in consequat ut nulla sed accumsan felis ut at,460486
67902,morbi porttitor lorem id ligula suspendisse ornare consequat lectus in,463398
44570,eleifend pede libero quis orci nullam molestie nibh in lectus pellentesque,463710
53622,at vulputate vitae nisl aenean lectus pellentesque eget nunc donec,466301
17656,pede posuere nonummy integer non velit donec diam neque vestibulum,466896
57275,imperdiet sapien urna pretium nisl ut volutpat sapien arcu sed augue,467359
18418,diam erat fermentum justo nec condimentum neque sapien placerat ante nulla,467844
90175,aliquam sit amet diam in magna bibendum imperdiet nullam orci,468010
93699,neque aenean auctor gravida sem praesent id massa id nisl,468074
81736,lacus morbi sem mauris laoreet ut rhoncus aliquet pulvinar sed nisl,468076
23474,est donec odio justo sollicitudin ut suscipit a feugiat et,469054
35177,elementum nullam varius nulla facilisi cras non velit nec nisi vulputate,470346
38890,et magnis dis parturient montes nascetur ridiculus mus etiam vel,470529
50476,curabitur in libero ut massa volutpat convallis morbi odio odio,471796
28848,hac habitasse platea dictumst aliquam augue quam sollicitudin vitae consectetuer eget,472473
99547,tempus vivamus in felis eu sapien cursus vestibulum proin eu mi,474443
41763,suspendisse potenti nullam porttitor lacus at turpis donec posuere metus,474861
70241,rutrum neque aenean auctor gravida sem praesent id massa id,474989
16942,magnis dis parturient montes nascetur ridiculus mus vivamus vestibulum sagittis,475745
46746,morbi a ipsum integer a nibh in quis justo maecenas,475784
91039,eu interdum eu tincidunt in leo maecenas pulvinar lobortis est,477893
68036,consectetuer adipiscing elit proin risus praesent lectus vestibulum quam sapien,478090
23054,sit amet diam in magna bibendum imperdiet nullam orci pede venenatis,480781
93874,ridiculus mus etiam vel augue vestibulum rutrum rutrum neque aenean,480924
59224,justo in hac habitasse platea dictumst etiam faucibus cursus urna,481280
78760,volutpat convallis morbi odio odio elementum eu interdum eu tincidunt in,482750
69014,diam neque vestibulum eget vulputate ut ultrices vel augue vestibulum,485115
60447,pellentesque volutpat dui maecenas tristique est et tempus semper est,487489
57383,congue vivamus metus arcu adipiscing molestie hendrerit at vulputate vitae,488204
34291,interdum mauris non ligula pellentesque ultrices phasellus id sapien in,490061
91811,eget rutrum at lorem integer tincidunt ante vel ipsum praesent blandit,490790
40844,metus sapien ut nunc vestibulum ante ipsum primis in faucibus orci,493820
98687,nullam varius nulla facilisi cras non velit nec nisi vulputate nonummy,495016
59326,in sagittis dui vel nisl duis ac nibh fusce lacus purus,495129
20736,pellentesque quisque porta volutpat erat quisque erat eros viverra eget congue,495778
13008,elementum eu interdum eu tincidunt in leo maecenas pulvinar lobortis,495784
85222,condimentum neque sapien placerat ante nulla justo aliquam quis turpis,496154
35703,convallis tortor risus dapibus augue vel accumsan tellus nisi eu orci,496205
93447,lectus aliquam sit amet diam in magna bibendum imperdiet nullam,496939
57988,sapien a libero nam dui proin leo odio porttitor id consequat,497878
74414,sapien cum sociis natoque penatibus et magnis dis parturient montes nascetur,498193
40358,a pede posuere nonummy integer non velit donec diam neque vestibulum,498280
83096,posuere cubilia curae donec pharetra magna vestibulum aliquet ultrices erat tortor,499657
47383,quam a odio in hac habitasse platea dictumst maecenas ut,499696
18430,luctus nec molestie sed justo pellentesque viverra pede ac diam cras,500041
92778,dis parturient montes nascetur ridiculus mus vivamus vestibulum sagittis sapien cum,502294
36990,id luctus nec molestie sed justo pellentesque viverra pede ac,502544
66062,elit proin risus praesent lectus vestibulum quam sapien varius ut,503509
16538,tortor risus dapibus augue vel accumsan tellus nisi eu orci mauris,506047
15780,vestibulum eget vulputate ut ultrices vel augue vestibulum ante ipsum primis,506091
32516,ac enim in tempor turpis nec euismod scelerisque quam turpis,506971
34660,pretium nisl ut volutpat sapien arcu sed augue aliquam erat volutpat,510435
75376,augue luctus tincidunt nulla mollis molestie lorem quisque ut erat curabitur,512053
50029,consectetuer eget rutrum at lorem integer tincidunt ante vel ipsum praesent,512558
70397,cursus vestibulum proin eu mi nulla ac enim in tempor turpis,512704
92124,posuere cubilia curae donec pharetra magna vestibulum aliquet ultrices erat,514390
80093,eu orci mauris lacinia sapien quis libero nullam sit amet,514615
26026,ultrices phasellus id sapien in sapien iaculis congue vivamus metus arcu,515103
21130,platea dictumst aliquam augue quam sollicitudin vitae consectetuer eget rutrum at,519571
70033,erat fermentum justo nec condimentum neque sapien placerat ante nulla justo,519691
48516,ligula sit amet eleifend pede libero quis orci nullam molestie,521358
53381,aenean sit amet justo morbi ut odio cras mi pede,521586
76914,in hac habitasse platea dictumst etiam faucibus cursus urna ut,521706
48906,pellentesque viverra pede ac diam cras pellentesque volutpat dui maecenas,521795
89767,pellentesque viverra pede ac diam cras pellentesque volutpat dui maecenas,522041
38408,felis eu sapien cursus vestibulum proin eu mi nulla ac enim,523661
59778,lobortis convallis tortor risus dapibus augue vel accumsan tellus nisi eu,527208
37669,enim lorem ipsum dolor sit amet consectetuer adipiscing elit proin interdum,529926
77549,consequat morbi a ipsum integer a nibh in quis justo,531502
42753,augue a suscipit nulla elit ac nulla sed vel enim,532067
28092,ut nunc vestibulum ante ipsum primis in faucibus orci luctus,534203
14449,odio justo sollicitudin ut suscipit a feugiat et eros vestibulum ac,534782
95069,dictumst maecenas ut massa quis augue luctus tincidunt nulla mollis molestie,537159
45741,nec nisi volutpat eleifend donec ut dolor morbi vel lectus in,537562
71350,dapibus dolor vel est donec odio justo sollicitudin ut suscipit a,543270
62761,pellentesque ultrices mattis odio donec vitae nisi nam ultrices libero,543549
38852,eleifend donec ut dolor morbi vel lectus in quam fringilla rhoncus,543791
42350,id nulla ultrices aliquet maecenas leo odio condimentum id luctus nec,544117
97389,luctus rutrum nulla tellus in sagittis dui vel nisl duis,546632
32088,posuere nonummy integer non velit donec diam neque vestibulum eget,546964
54365,quisque porta volutpat erat quisque erat eros viverra eget congue,547172
52260,id ligula suspendisse ornare consequat lectus in est risus auctor sed,547473
54270,erat fermentum justo nec condimentum neque sapien placerat ante nulla,548220
79961,odio elementum eu interdum eu tincidunt in leo maecenas pulvinar,548736
36379,ultrices mattis odio donec vitae nisi nam ultrices libero non,549143
19849,urna pretium nisl ut volutpat sapien arcu sed augue aliquam,550123
78040,aliquet ultrices erat tortor sollicitudin mi sit amet lobortis sapien sapien,554716
23712,curae mauris viverra diam vitae quam suspendisse potenti nullam porttitor lacus,557544
19295,molestie sed justo pellentesque viverra pede ac diam cras pellentesque,559051
90463,vestibulum sit amet cursus id turpis integer aliquet massa id lobortis,559434
61210,erat tortor sollicitudin mi sit amet lobortis sapien sapien non,560783
51918,molestie lorem quisque ut erat curabitur gravida nisi at nibh,560887
67097,rutrum rutrum neque aenean auctor gravida sem praesent id massa id,562160
43745,amet turpis elementum ligula vehicula consequat morbi a ipsum integer a,565048
95061,placerat ante nulla justo aliquam quis turpis eget elit sodales,566820
51453,cras mi pede malesuada in imperdiet et commodo vulputate justo,567378
62724,vestibulum rutrum rutrum neque aenean auctor gravida sem praesent id,567565
76011,varius ut blandit non interdum in ante vestibulum ante ipsum,568273
23421,elit sodales scelerisque mauris sit amet eros suspendisse accumsan tortor quis,570082
27922,mus vivamus vestibulum sagittis sapien cum sociis natoque penatibus et magnis,571396
54171,felis ut at dolor quis odio consequat varius integer ac,571747
53640,elementum eu interdum eu tincidunt in leo maecenas pulvinar lobortis,572537
68721,quisque ut erat curabitur gravida nisi at nibh in hac habitasse,572585
61937,mus etiam vel augue vestibulum rutrum rutrum neque aenean auctor gravida,572907
16274,sapien cum sociis natoque penatibus et magnis dis parturient montes,573239
47425,duis faucibus accumsan odio curabitur convallis duis consequat dui nec nisi,573778
67199,nonummy integer non velit donec diam neque vestibulum eget vulputate ut,575650
44715,venenatis tristique fusce congue diam id ornare imperdiet sapien urna pretium,576938
38648,bibendum felis sed interdum venenatis turpis enim blandit mi in porttitor,578584
54874,hac habitasse platea dictumst etiam faucibus cursus urna ut tellus,578727
38439,id ornare imperdiet sapien urna pretium nisl ut volutpat sapien,579842
60625,dapibus dolor vel est donec odio justo sollicitudin ut suscipit a,580582
63576,nulla suspendisse potenti cras in purus eu magna vulputate luctus,580912
82395,urna pretium nisl ut volutpat sapien arcu sed augue aliquam erat,581939
83462,ac nulla sed vel enim sit amet nunc viverra dapibus nulla,582525
25036,accumsan tellus nisi eu orci mauris lacinia sapien quis libero nullam,582986
72383,morbi ut odio cras mi pede malesuada in imperdiet et commodo,586212
20368,a odio in hac habitasse platea dictumst maecenas ut massa,589465
26626,augue vel accumsan tellus nisi eu orci mauris lacinia sapien quis,590067
93964,libero convallis eget eleifend luctus ultricies eu nibh quisque id justo,590145
20201,rhoncus dui vel sem sed sagittis nam congue risus semper,591164
54975,faucibus orci luctus et ultrices posuere cubilia curae mauris viverra diam,591422
82192,ridiculus mus etiam vel augue vestibulum rutrum rutrum neque aenean auctor,592075
55990,auctor sed tristique in tempus sit amet sem fusce consequat,593971
82396,justo eu massa donec dapibus duis at velit eu est congue,596272
48505,velit donec diam neque vestibulum eget vulputate ut ultrices vel,596276
19825,a ipsum integer a nibh in quis justo maecenas rhoncus,596677
15313,turpis a pede posuere nonummy integer non velit donec diam,597019
96375,nam dui proin leo odio porttitor id consequat in consequat ut,597557
73926,orci mauris lacinia sapien quis libero nullam sit amet turpis,597656
42500,id consequat in consequat ut nulla sed accumsan felis ut,598799
91206,nisi vulputate nonummy maecenas tincidunt lacus at velit vivamus vel nulla,599907
89767,vivamus tortor duis mattis egestas metus aenean fermentum donec ut,602220
24471,volutpat dui maecenas tristique est et tempus semper est quam,604382
73021,lacus morbi quis tortor id nulla ultrices aliquet maecenas leo,605101
28745,adipiscing elit proin risus praesent lectus vestibulum quam sapien varius,605880
25784,lacus at turpis donec posuere metus vitae ipsum aliquam non mauris,607768
36643,at turpis donec posuere metus vitae ipsum aliquam non mauris,608665
79329,amet justo morbi ut odio cras mi pede malesuada in,609119
20480,et eros vestibulum ac est lacinia nisi venenatis tristique fusce,609163
83054,justo nec condimentum neque sapien placerat ante nulla justo aliquam,609251
14159,in magna bibendum imperdiet nullam orci pede venenatis non sodales sed,610005
45465,dapibus augue vel accumsan tellus nisi eu orci mauris lacinia,610997
32783,velit id pretium iaculis diam erat fermentum justo nec condimentum neque,611270
52851,ante vestibulum ante ipsum primis in faucibus orci luctus et,612254
89217,iaculis diam erat fermentum justo nec condimentum neque sapien placerat,612527
79006,in faucibus orci luctus et ultrices posuere cubilia curae mauris,613310
43089,duis bibendum felis sed interdum venenatis turpis enim blandit mi in,614157
80136,vitae nisl aenean lectus pellentesque eget nunc donec quis orci eget,614375
46014,diam cras pellentesque volutpat dui maecenas tristique est et tempus,614667
38534,sed ante vivamus tortor duis mattis egestas metus aenean fermentum donec,616556
94346,amet turpis elementum ligula vehicula consequat morbi a ipsum integer a,616955
71375,nulla justo aliquam quis turpis eget elit sodales scelerisque mauris sit,617871
26909,morbi vel lectus in quam fringilla rhoncus mauris enim leo,618151
25584,potenti in eleifend quam a odio in hac habitasse platea dictumst,618442
98747,potenti nullam porttitor lacus at turpis donec posuere metus vitae ipsum,622792
39550,libero convallis eget eleifend luctus ultricies eu nibh quisque id,623469
34450,dictumst maecenas ut massa quis augue luctus tincidunt nulla mollis,623578
12559,sed tincidunt eu felis fusce posuere felis sed lacus morbi sem,624140
12483,sagittis dui vel nisl duis ac nibh fusce lacus purus aliquet,626767
67188,semper sapien a libero nam dui proin leo odio porttitor,626790
49901,ut tellus nulla ut erat id mauris vulputate elementum nullam varius,626833
35338,in quam fringilla rhoncus mauris enim leo rhoncus sed vestibulum,628574
92296,leo maecenas pulvinar lobortis est phasellus sit amet erat nulla tempus,628929
41365,aenean sit amet justo morbi ut odio cras mi pede,629331
51255,lorem id ligula suspendisse ornare consequat lectus in est risus auctor,630012
43833,imperdiet et commodo vulputate justo in blandit ultrices enim lorem ipsum,631081
71256,ultrices posuere cubilia curae donec pharetra magna vestibulum aliquet ultrices,631114
26849,etiam pretium iaculis justo in hac habitasse platea dictumst etiam,632047
66922,curabitur gravida nisi at nibh in hac habitasse platea dictumst,632773
53374,sed lacus morbi sem mauris laoreet ut rhoncus aliquet pulvinar,633725
40134,orci pede venenatis non sodales sed tincidunt eu felis fusce posuere,635054
36874,justo etiam pretium iaculis justo in hac habitasse platea dictumst,635232
59117,vestibulum quam sapien varius ut blandit non interdum in ante vestibulum,637506
94275,pede ac diam cras pellentesque volutpat dui maecenas tristique est,638544
58849,aliquam quis turpis eget elit sodales scelerisque mauris sit amet eros,638889
53844,vestibulum ante ipsum primis in faucibus orci luctus et ultrices posuere,638945
94878,donec pharetra magna vestibulum aliquet ultrices erat tortor sollicitudin mi,641954
83167,varius integer ac leo pellentesque ultrices mattis odio donec vitae nisi,642797
41569,in hac habitasse platea dictumst aliquam augue quam sollicitudin vitae consectetuer,645029
97146,in porttitor pede justo eu massa donec dapibus duis at,645545
72453,ligula sit amet eleifend pede libero quis orci nullam molestie,646505
77686,aliquam convallis nunc proin at turpis a pede posuere nonummy,646611
80769,eleifend pede libero quis orci nullam molestie nibh in lectus pellentesque,646737
60642,ac enim in tempor turpis nec euismod scelerisque quam turpis adipiscing,646807
24755,viverra diam vitae quam suspendisse potenti nullam porttitor lacus at turpis,646808
27985,id massa id nisl venenatis lacinia aenean sit amet justo morbi,646834
83782,congue eget semper rutrum nulla nunc purus phasellus in felis donec,647184
20613,dictumst maecenas ut massa quis augue luctus tincidunt nulla mollis,647490
11782,elit ac nulla sed vel enim sit amet nunc viverra,648071
52315,eros elementum pellentesque quisque porta volutpat erat quisque erat eros viverra,648305
49851,molestie sed justo pellentesque viverra pede ac diam cras pellentesque volutpat,648802
67119,sollicitudin ut suscipit a feugiat et eros vestibulum ac est,649886
38391,metus sapien ut nunc vestibulum ante ipsum primis in faucibus orci,650093
12879,turpis eget elit sodales scelerisque mauris sit amet eros suspendisse,650308
43975,id massa id nisl venenatis lacinia aenean sit amet justo morbi,651040
90481,molestie sed justo pellentesque viverra pede ac diam cras pellentesque volutpat,651482
65551,nisi vulputate nonummy maecenas tincidunt lacus at velit vivamus vel,651517
86579,accumsan tortor quis turpis sed ante vivamus tortor duis mattis egestas,651618
17134,nulla sed accumsan felis ut at dolor quis odio consequat,652584
57040,gravida nisi at nibh in hac habitasse platea dictumst aliquam augue,653098
25832,quisque porta volutpat erat quisque erat eros viverra eget congue eget,655781
39870,molestie nibh in lectus pellentesque at nulla suspendisse potenti cras in,657487
36945,quam sollicitudin vitae consectetuer eget rutrum at lorem integer tincidunt,658317
91001,ultrices posuere cubilia curae donec pharetra magna vestibulum aliquet ultrices erat,661053
25286,enim in tempor turpis nec euismod scelerisque quam turpis adipiscing lorem,661106
67019,convallis nulla neque libero convallis eget eleifend luctus ultricies eu,661700
63874,sed augue aliquam erat volutpat in congue etiam justo etiam pretium,662019
29858,ligula nec sem duis aliquam convallis nunc proin at turpis,662890
70941,nisl venenatis lacinia aenean sit amet justo morbi ut odio,663591
18831,vulputate vitae nisl aenean lectus pellentesque eget nunc donec quis orci,663905
15809,nisi vulputate nonummy maecenas tincidunt lacus at velit vivamus vel,664007
56277,rutrum nulla nunc purus phasellus in felis donec semper sapien,665421
86383,justo in hac habitasse platea dictumst etiam faucibus cursus urna ut,665697
98905,ut erat id mauris vulputate elementum nullam varius nulla facilisi,665775
24302,hac habitasse platea dictumst morbi vestibulum velit id pretium iaculis diam,666187
65856,ultrices mattis odio donec vitae nisi nam ultrices libero non,667802
61815,aenean auctor gravida sem praesent id massa id nisl venenatis lacinia,669638
55930,maecenas ut massa quis augue luctus tincidunt nulla mollis molestie,670916
77953,vitae ipsum aliquam non mauris morbi non lectus aliquam sit amet,673753
93131,blandit non interdum in ante vestibulum ante ipsum primis in,674112
13072,ultrices mattis odio donec vitae nisi nam ultrices libero non,674287
65666,dictumst etiam faucibus cursus urna ut tellus nulla ut erat id,674703
80456,sodales sed tincidunt eu felis fusce posuere felis sed lacus morbi,674814
48112,donec diam neque vestibulum eget vulputate ut ultrices vel augue,674965
46621,in quam fringilla rhoncus mauris enim leo rhoncus sed vestibulum,675227
36664,ut dolor morbi vel lectus in quam fringilla rhoncus mauris enim,676134
52814,quam fringilla rhoncus mauris enim leo rhoncus sed vestibulum sit amet,677835
28467,tempor turpis nec euismod scelerisque quam turpis adipiscing lorem vitae,679926
72070,at lorem integer tincidunt ante vel ipsum praesent blandit lacinia,680653
20646,blandit nam nulla integer pede justo lacinia eget tincidunt eget,681554
73163,sapien arcu sed augue aliquam erat volutpat in congue etiam justo,681570
23954,eleifend donec ut dolor morbi vel lectus in quam fringilla rhoncus,682040
95771,quis libero nullam sit amet turpis elementum ligula vehicula consequat morbi,682470
91240,faucibus orci luctus et ultrices posuere cubilia curae mauris viverra,682654
68625,praesent blandit nam nulla integer pede justo lacinia eget tincidunt,685512
51798,aliquam convallis nunc proin at turpis a pede posuere nonummy,685963
22013,platea dictumst etiam faucibus cursus urna ut tellus nulla ut,687360
49687,vel enim sit amet nunc viverra dapibus nulla suscipit ligula in,687419
64552,mattis nibh ligula nec sem duis aliquam convallis nunc proin at,689509
69477,quam suspendisse potenti nullam porttitor lacus at turpis donec posuere metus,692550
75079,maecenas tristique est et tempus semper est quam pharetra magna,692738
95894,porta volutpat quam pede lobortis ligula sit amet eleifend pede libero,693148
53844,quis lectus suspendisse potenti in eleifend quam a odio in,693855
41296,amet eros suspendisse accumsan tortor quis turpis sed ante vivamus tortor,694332
91917,mus vivamus vestibulum sagittis sapien cum sociis natoque penatibus et magnis,695509
60636,vitae quam suspendisse potenti nullam porttitor lacus at turpis donec posuere,697994
85331,orci pede venenatis non sodales sed tincidunt eu felis fusce posuere,699121
82228,lobortis convallis tortor risus dapibus augue vel accumsan tellus nisi eu,699176
77556,dapibus nulla suscipit ligula in lacus curabitur at ipsum ac,700120
45977,molestie nibh in lectus pellentesque at nulla suspendisse potenti cras in,701120
26094,molestie lorem quisque ut erat curabitur gravida nisi at nibh in,701329
31326,ut at dolor quis odio consequat varius integer ac leo,701414
85507,mattis nibh ligula nec sem duis aliquam convallis nunc proin,701553
26512,ipsum integer a nibh in quis justo maecenas rhoncus aliquam,701818
17422,ut mauris eget massa tempor convallis nulla neque libero convallis,702106
15748,blandit non interdum in ante vestibulum ante ipsum primis in,702397
47451,luctus nec molestie sed justo pellentesque viverra pede ac diam,703206
88319,ipsum primis in faucibus orci luctus et ultrices posuere cubilia curae,703347
97285,accumsan tellus nisi eu orci mauris lacinia sapien quis libero,708561
68416,pellentesque quisque porta volutpat erat quisque erat eros viverra eget congue,711057
24264,mauris vulputate elementum nullam varius nulla facilisi cras non velit,711693
99417,ut erat id mauris vulputate elementum nullam varius nulla facilisi,716073
71516,justo in blandit ultrices enim lorem ipsum dolor sit amet,718363
91139,eleifend luctus ultricies eu nibh quisque id justo sit amet sapien,722841
78703,pede morbi porttitor lorem id ligula suspendisse ornare consequat lectus in,722895
83173,enim blandit mi in porttitor pede justo eu massa donec,723780
62963,imperdiet sapien urna pretium nisl ut volutpat sapien arcu sed augue,727451
19018,interdum mauris non ligula pellentesque ultrices phasellus id sapien in,730304
20417,dolor sit amet consectetuer adipiscing elit proin interdum mauris non ligula,732739
28923,ante ipsum primis in faucibus orci luctus et ultrices posuere cubilia,733042
72204,orci mauris lacinia sapien quis libero nullam sit amet turpis,733364
28818,quisque porta volutpat erat quisque erat eros viverra eget congue eget,733654
52580,proin at turpis a pede posuere nonummy integer non velit donec,734099
52722,eu mi nulla ac enim in tempor turpis nec euismod,734881
30502,libero ut massa volutpat convallis morbi odio odio elementum eu interdum,734898
69391,velit id pretium iaculis diam erat fermentum justo nec condimentum neque,736211
49782,vivamus vestibulum sagittis sapien cum sociis natoque penatibus et magnis dis,736823
83718,quam sollicitudin vitae consectetuer eget rutrum at lorem integer tincidunt ante,736991
47389,posuere nonummy integer non velit donec diam neque vestibulum eget vulputate,737410
57972,consequat morbi a ipsum integer a nibh in quis justo,737615
55742,venenatis tristique fusce congue diam id ornare imperdiet sapien urna,739152
70475,ultrices aliquet maecenas leo odio condimentum id luctus nec molestie,740072
43409,neque aenean auctor gravida sem praesent id massa id nisl,740322
26914,pellentesque volutpat dui maecenas tristique est et tempus semper est,742969
23248,scelerisque quam turpis adipiscing lorem vitae mattis nibh ligula nec,745259
77295,elit ac nulla sed vel enim sit amet nunc viverra,746293
10663,nisl nunc nisl duis bibendum felis sed interdum venenatis turpis,747448
14116,ut massa volutpat convallis morbi odio odio elementum eu interdum eu,748094
53816,nulla pede ullamcorper augue a suscipit nulla elit ac nulla,748353
91519,eu massa donec dapibus duis at velit eu est congue elementum,749090
14604,tellus nisi eu orci mauris lacinia sapien quis libero nullam,750212
16714,quam a odio in hac habitasse platea dictumst maecenas ut,751935
40048,consectetuer adipiscing elit proin risus praesent lectus vestibulum quam sapien varius,752162
33249,rutrum nulla nunc purus phasellus in felis donec semper sapien,754326
21743,montes nascetur ridiculus mus etiam vel augue vestibulum rutrum rutrum,754826
75049,arcu libero rutrum ac lobortis vel dapibus at diam nam tristique,755597
77153,lorem ipsum dolor sit amet consectetuer adipiscing elit proin risus,755918
60772,aliquet maecenas leo odio condimentum id luctus nec molestie sed,759510
54202,turpis a pede posuere nonummy integer non velit donec diam neque,759709
24813,ligula nec sem duis aliquam convallis nunc proin at turpis,759792
48699,mus etiam vel augue vestibulum rutrum rutrum neque aenean auctor,759959
23268,porttitor id consequat in consequat ut nulla sed accumsan felis ut,762417
38375,erat eros viverra eget congue eget semper rutrum nulla nunc purus,763497
59638,risus praesent lectus vestibulum quam sapien varius ut blandit non interdum,763878
19015,nonummy maecenas tincidunt lacus at velit vivamus vel nulla eget,764575
95914,nisl nunc nisl duis bibendum felis sed interdum venenatis turpis,765600
59830,ante ipsum primis in faucibus orci luctus et ultrices posuere cubilia,767478
75757,suspendisse potenti cras in purus eu magna vulputate luctus cum sociis,768199
87190,sapien cursus vestibulum proin eu mi nulla ac enim in tempor,769682
78652,iaculis congue vivamus metus arcu adipiscing molestie hendrerit at vulputate vitae,769816
94050,ac tellus semper interdum mauris ullamcorper purus sit amet nulla,770327
30383,tristique fusce congue diam id ornare imperdiet sapien urna pretium,770782
49199,ac neque duis bibendum morbi non quam nec dui luctus,771077
99664,lorem ipsum dolor sit amet consectetuer adipiscing elit proin risus,771942
79497,tristique in tempus sit amet sem fusce consequat nulla nisl nunc,772924
54851,blandit nam nulla integer pede justo lacinia eget tincidunt eget tempus,774447
91848,in eleifend quam a odio in hac habitasse platea dictumst,774522
62471,rutrum nulla nunc purus phasellus in felis donec semper sapien a,774930
49414,nulla ac enim in tempor turpis nec euismod scelerisque quam,775565
88140,eros elementum pellentesque quisque porta volutpat erat quisque erat eros,776450
26134,cras in purus eu magna vulputate luctus cum sociis natoque,780021
69006,metus aenean fermentum donec ut mauris eget massa tempor convallis nulla,780533
67905,phasellus id sapien in sapien iaculis congue vivamus metus arcu,781100
20242,ultrices phasellus id sapien in sapien iaculis congue vivamus metus,784115
10545,ut odio cras mi pede malesuada in imperdiet et commodo vulputate,785147
64829,quam suspendisse potenti nullam porttitor lacus at turpis donec posuere metus,786908
42046,elit sodales scelerisque mauris sit amet eros suspendisse accumsan tortor,786938
95742,nec dui luctus rutrum nulla tellus in sagittis dui vel,786995
76701,erat eros viverra eget congue eget semper rutrum nulla nunc,787313
96844,vestibulum sagittis sapien cum sociis natoque penatibus et magnis dis,787982
74297,in purus eu magna vulputate luctus cum sociis natoque penatibus,787993
30704,id nisl venenatis lacinia aenean sit amet justo morbi ut odio,788618
33649,donec posuere metus vitae ipsum aliquam non mauris morbi non lectus,789967
64490,in eleifend quam a odio in hac habitasse platea dictumst maecenas,794583
15627,bibendum morbi non quam nec dui luctus rutrum nulla tellus in,795061
27135,ac est lacinia nisi venenatis tristique fusce congue diam id ornare,798876
10471,vitae nisi nam ultrices libero non mattis pulvinar nulla pede,798951
69212,gravida nisi at nibh in hac habitasse platea dictumst aliquam augue,800128
77773,tempus semper est quam pharetra magna ac consequat metus sapien ut,800130
50625,nullam sit amet turpis elementum ligula vehicula consequat morbi a,802788
50780,sed nisl nunc rhoncus dui vel sem sed sagittis nam congue,803576
26724,aliquet at feugiat non pretium quis lectus suspendisse potenti in eleifend,804100
87459,turpis elementum ligula vehicula consequat morbi a ipsum integer a nibh,805023
56234,pulvinar nulla pede ullamcorper augue a suscipit nulla elit ac nulla,806018
49613,congue risus semper porta volutpat quam pede lobortis ligula sit,806467
78749,ut rhoncus aliquet pulvinar sed nisl nunc rhoncus dui vel,806671
83776,justo aliquam quis turpis eget elit sodales scelerisque mauris sit,807558
82621,luctus cum sociis natoque penatibus et magnis dis parturient montes nascetur,808654
50623,cum sociis natoque penatibus et magnis dis parturient montes nascetur,809030
49946,eleifend luctus ultricies eu nibh quisque id justo sit amet sapien,809399
15216,nec euismod scelerisque quam turpis adipiscing lorem vitae mattis nibh,809535
74480,mauris eget massa tempor convallis nulla neque libero convallis eget,810053
24438,velit nec nisi vulputate nonummy maecenas tincidunt lacus at velit vivamus,812994
66437,ut mauris eget massa tempor convallis nulla neque libero convallis eget,813172
84003,donec ut dolor morbi vel lectus in quam fringilla rhoncus,814249
66126,sapien cum sociis natoque penatibus et magnis dis parturient montes nascetur,815917
36244,curae nulla dapibus dolor vel est donec odio justo sollicitudin ut,816613
34125,erat id mauris vulputate elementum nullam varius nulla facilisi cras,816964
13246,non mattis pulvinar nulla pede ullamcorper augue a suscipit nulla elit,818951
45803,ac nibh fusce lacus purus aliquet at feugiat non pretium,819248
22994,magnis dis parturient montes nascetur ridiculus mus etiam vel augue vestibulum,819806
39400,pede justo eu massa donec dapibus duis at velit eu,820091
13842,ac est lacinia nisi venenatis tristique fusce congue diam id,821312
87316,euismod scelerisque quam turpis adipiscing lorem vitae mattis nibh ligula,821385
70519,cubilia curae donec pharetra magna vestibulum aliquet ultrices erat tortor,821941
19143,habitasse platea dictumst maecenas ut massa quis augue luctus tincidunt nulla,822509
17196,lectus vestibulum quam sapien varius ut blandit non interdum in,823001
97418,odio odio elementum eu interdum eu tincidunt in leo maecenas pulvinar,823079
25952,et ultrices posuere cubilia curae mauris viverra diam vitae quam suspendisse,824138
42350,tellus nisi eu orci mauris lacinia sapien quis libero nullam sit,824319
69231,sit amet turpis elementum ligula vehicula consequat morbi a ipsum integer,824977
49679,eu orci mauris lacinia sapien quis libero nullam sit amet,826079
48566,nonummy integer non velit donec diam neque vestibulum eget vulputate ut,827744
35335,duis ac nibh fusce lacus purus aliquet at feugiat non pretium,828389
30259,nullam molestie nibh in lectus pellentesque at nulla suspendisse potenti cras,829899
52996,ipsum ac tellus semper interdum mauris ullamcorper purus sit amet nulla,829984
76014,sodales scelerisque mauris sit amet eros suspendisse accumsan tortor quis turpis,830134
43952,nisl ut volutpat sapien arcu sed augue aliquam erat volutpat in,833707
84709,porta volutpat quam pede lobortis ligula sit amet eleifend pede libero,834605
76570,tincidunt nulla mollis molestie lorem quisque ut erat curabitur gravida,835029
38433,proin at turpis a pede posuere nonummy integer non velit donec,835435
89650,ultrices phasellus id sapien in sapien iaculis congue vivamus metus arcu,836283
70853,sapien iaculis congue vivamus metus arcu adipiscing molestie hendrerit at vulputate,836835
13406,porta volutpat erat quisque erat eros viverra eget congue eget semper,837330
87154,pede libero quis orci nullam molestie nibh in lectus pellentesque,837347
63346,in lectus pellentesque at nulla suspendisse potenti cras in purus eu,838027
25579,cubilia curae nulla dapibus dolor vel est donec odio justo sollicitudin,839011
28395,nulla ut erat id mauris vulputate elementum nullam varius nulla,840111
42921,dapibus dolor vel est donec odio justo sollicitudin ut suscipit a,840535
53730,sociis natoque penatibus et magnis dis parturient montes nascetur ridiculus,841011
73437,odio elementum eu interdum eu tincidunt in leo maecenas pulvinar,841794
79128,suscipit a feugiat et eros vestibulum ac est lacinia nisi,843102
39607,accumsan tortor quis turpis sed ante vivamus tortor duis mattis egestas,843232
23403,pulvinar nulla pede ullamcorper augue a suscipit nulla elit ac,843539
59514,suspendisse accumsan tortor quis turpis sed ante vivamus tortor duis,843765
53897,tempus vel pede morbi porttitor lorem id ligula suspendisse ornare,846420
23233,viverra diam vitae quam suspendisse potenti nullam porttitor lacus at turpis,846783
14158,justo etiam pretium iaculis justo in hac habitasse platea dictumst etiam,848400
62609,vestibulum sed magna at nunc commodo placerat praesent blandit nam nulla,849488
86663,in tempor turpis nec euismod scelerisque quam turpis adipiscing lorem vitae,850197
81210,sodales scelerisque mauris sit amet eros suspendisse accumsan tortor quis turpis,851242
43646,erat volutpat in congue etiam justo etiam pretium iaculis justo in,851504
69318,semper interdum mauris ullamcorper purus sit amet nulla quisque arcu,852216
29099,ut massa quis augue luctus tincidunt nulla mollis molestie lorem quisque,852719
14041,pede lobortis ligula sit amet eleifend pede libero quis orci,853273
91369,ultrices enim lorem ipsum dolor sit amet consectetuer adipiscing elit,854430
46759,consequat nulla nisl nunc nisl duis bibendum felis sed interdum,855747
65021,ultrices erat tortor sollicitudin mi sit amet lobortis sapien sapien non,856710
83311,sem praesent id massa id nisl venenatis lacinia aenean sit amet,859378
44175,nulla tempus vivamus in felis eu sapien cursus vestibulum proin eu,860780
73783,molestie sed justo pellentesque viverra pede ac diam cras pellentesque volutpat,864326
30838,aenean sit amet justo morbi ut odio cras mi pede malesuada,865182
49394,amet erat nulla tempus vivamus in felis eu sapien cursus vestibulum,865302
42496,at turpis donec posuere metus vitae ipsum aliquam non mauris morbi,866292
43955,aenean fermentum donec ut mauris eget massa tempor convallis nulla,866844
83272,nam ultrices libero non mattis pulvinar nulla pede ullamcorper augue a,867918
40191,velit eu est congue elementum in hac habitasse platea dictumst,869595
97276,at dolor quis odio consequat varius integer ac leo pellentesque,870025
95302,morbi sem mauris laoreet ut rhoncus aliquet pulvinar sed nisl,871108
91989,orci luctus et ultrices posuere cubilia curae donec pharetra magna vestibulum,871973
88225,ipsum primis in faucibus orci luctus et ultrices posuere cubilia,873390
75997,blandit non interdum in ante vestibulum ante ipsum primis in faucibus,874296
83345,integer non velit donec diam neque vestibulum eget vulputate ut,875189
22321,ullamcorper augue a suscipit nulla elit ac nulla sed vel,877046
97895,aenean fermentum donec ut mauris eget massa tempor convallis nulla neque,877491
79474,rutrum nulla nunc purus phasellus in felis donec semper sapien a,879209
75662,morbi porttitor lorem id ligula suspendisse ornare consequat lectus in est,879547
51017,tristique fusce congue diam id ornare imperdiet sapien urna pretium nisl,879594
76538,lectus in est risus auctor sed tristique in tempus sit amet,880111
45136,vestibulum aliquet ultrices erat tortor sollicitudin mi sit amet lobortis sapien,880398
96475,donec odio justo sollicitudin ut suscipit a feugiat et eros,880677
72533,pellentesque ultrices mattis odio donec vitae nisi nam ultrices libero non,880899
13194,scelerisque mauris sit amet eros suspendisse accumsan tortor quis turpis sed,880993
73283,nisl duis bibendum felis sed interdum venenatis turpis enim blandit,881033
49232,tortor sollicitudin mi sit amet lobortis sapien sapien non mi integer,882327
51564,maecenas rhoncus aliquam lacus morbi quis tortor id nulla ultrices,882652
51531,donec pharetra magna vestibulum aliquet ultrices erat tortor sollicitudin mi sit,882821
86502,ultrices posuere cubilia curae nulla dapibus dolor vel est donec,883050
41402,montes nascetur ridiculus mus etiam vel augue vestibulum rutrum rutrum neque,884138
36781,fermentum donec ut mauris eget massa tempor convallis nulla neque,884406
92496,accumsan tellus nisi eu orci mauris lacinia sapien quis libero,884563
22520,in quis justo maecenas rhoncus aliquam lacus morbi quis tortor id,885641
33180,fusce consequat nulla nisl nunc nisl duis bibendum felis sed,885696
35540,velit donec diam neque vestibulum eget vulputate ut ultrices vel,885706
29421,et magnis dis parturient montes nascetur ridiculus mus vivamus vestibulum,886335
64680,semper interdum mauris ullamcorper purus sit amet nulla quisque arcu libero,886667
68090,amet diam in magna bibendum imperdiet nullam orci pede venenatis non,886685
52090,nulla neque libero convallis eget eleifend luctus ultricies eu nibh quisque,887922
66809,cubilia curae nulla dapibus dolor vel est donec odio justo sollicitudin,889204
36825,morbi ut odio cras mi pede malesuada in imperdiet et commodo,889461
58515,id turpis integer aliquet massa id lobortis convallis tortor risus,890633
78725,montes nascetur ridiculus mus vivamus vestibulum sagittis sapien cum sociis,890742
12450,tristique fusce congue diam id ornare imperdiet sapien urna pretium,890889
33411,tortor quis turpis sed ante vivamus tortor duis mattis egestas,891290
76449,donec diam neque vestibulum eget vulputate ut ultrices vel augue vestibulum,891515
91605,praesent blandit nam nulla integer pede justo lacinia eget tincidunt,892307
86970,curae duis faucibus accumsan odio curabitur convallis duis consequat dui nec,892311
36673,mattis pulvinar nulla pede ullamcorper augue a suscipit nulla elit,892440
73338,nibh in quis justo maecenas rhoncus aliquam lacus morbi quis tortor,893418
33510,eleifend pede libero quis orci nullam molestie nibh in lectus,893621
94991,ut massa quis augue luctus tincidunt nulla mollis molestie lorem,893773
78636,dis parturient montes nascetur ridiculus mus etiam vel augue vestibulum rutrum,894604
79790,aenean sit amet justo morbi ut odio cras mi pede malesuada,894665
51245,enim leo rhoncus sed vestibulum sit amet cursus id turpis integer,895345
59797,ut suscipit a feugiat et eros vestibulum ac est lacinia nisi,896639
13929,at nulla suspendisse potenti cras in purus eu magna vulputate luctus,896886
70391,feugiat et eros vestibulum ac est lacinia nisi venenatis tristique fusce,897748
32395,accumsan odio curabitur convallis duis consequat dui nec nisi volutpat,899396
43420,feugiat non pretium quis lectus suspendisse potenti in eleifend quam a,901941
22551,ridiculus mus vivamus vestibulum sagittis sapien cum sociis natoque penatibus et,902308
48248,imperdiet nullam orci pede venenatis non sodales sed tincidunt eu felis,902425
95133,quam pharetra magna ac consequat metus sapien ut nunc vestibulum,902650
16168,mauris ullamcorper purus sit amet nulla quisque arcu libero rutrum,902881
67838,tortor id nulla ultrices aliquet maecenas leo odio condimentum id,903445
19612,rhoncus aliquet pulvinar sed nisl nunc rhoncus dui vel sem,903543
80709,turpis a pede posuere nonummy integer non velit donec diam,903901
95838,dictumst morbi vestibulum velit id pretium iaculis diam erat fermentum,904484
32664,tortor duis mattis egestas metus aenean fermentum donec ut mauris,904673
93460,mattis odio donec vitae nisi nam ultrices libero non mattis,904932
40443,nisl nunc nisl duis bibendum felis sed interdum venenatis turpis,905015
33199,erat volutpat in congue etiam justo etiam pretium iaculis justo in,905952
17099,eget elit sodales scelerisque mauris sit amet eros suspendisse accumsan,906074
29242,in quam fringilla rhoncus mauris enim leo rhoncus sed vestibulum,907404
19562,mattis nibh ligula nec sem duis aliquam convallis nunc proin at,908255
81099,interdum in ante vestibulum ante ipsum primis in faucibus orci luctus,908437
41301,curabitur in libero ut massa volutpat convallis morbi odio odio,908933
33777,nulla ultrices aliquet maecenas leo odio condimentum id luctus nec,909354
36829,in congue etiam justo etiam pretium iaculis justo in hac habitasse,909515
71548,ut nunc vestibulum ante ipsum primis in faucibus orci luctus et,910117
36668,gravida nisi at nibh in hac habitasse platea dictumst aliquam,910149
94645,habitasse platea dictumst morbi vestibulum velit id pretium iaculis diam erat,911862
27787,porttitor id consequat in consequat ut nulla sed accumsan felis ut,916038
18590,consectetuer eget rutrum at lorem integer tincidunt ante vel ipsum,916204
49032,at vulputate vitae nisl aenean lectus pellentesque eget nunc donec,916713
49482,ut mauris eget massa tempor convallis nulla neque libero convallis eget,916726
30361,maecenas rhoncus aliquam lacus morbi quis tortor id nulla ultrices aliquet,916966
40625,sapien sapien non mi integer ac neque duis bibendum morbi,917473
23820,maecenas tristique est et tempus semper est quam pharetra magna,918378
55851,elementum nullam varius nulla facilisi cras non velit nec nisi vulputate,919049
85659,eget tempus vel pede morbi porttitor lorem id ligula suspendisse,919435
36779,amet nulla quisque arcu libero rutrum ac lobortis vel dapibus at,923165
37228,dolor vel est donec odio justo sollicitudin ut suscipit a feugiat,925127
84392,vivamus metus arcu adipiscing molestie hendrerit at vulputate vitae nisl aenean,926673
82869,amet diam in magna bibendum imperdiet nullam orci pede venenatis,927406
36911,consequat nulla nisl nunc nisl duis bibendum felis sed interdum venenatis,927458
32718,mauris eget massa tempor convallis nulla neque libero convallis eget,927469
70895,vestibulum sed magna at nunc commodo placerat praesent blandit nam,930749
51053,vestibulum sagittis sapien cum sociis natoque penatibus et magnis dis parturient,930767
13146,mauris vulputate elementum nullam varius nulla facilisi cras non velit nec,932860
18231,sed tincidunt eu felis fusce posuere felis sed lacus morbi sem,933059
10299,vestibulum ante ipsum primis in faucibus orci luctus et ultrices posuere,933327
30462,donec diam neque vestibulum eget vulputate ut ultrices vel augue,934439
68609,cubilia curae mauris viverra diam vitae quam suspendisse potenti nullam,935434
62769,praesent lectus vestibulum quam sapien varius ut blandit non interdum in,935452
43948,amet consectetuer adipiscing elit proin risus praesent lectus vestibulum quam,935730
42333,curabitur at ipsum ac tellus semper interdum mauris ullamcorper purus,935981
34066,integer aliquet massa id lobortis convallis tortor risus dapibus augue,936118
55821,diam in magna bibendum imperdiet nullam orci pede venenatis non sodales,936167
85520,luctus et ultrices posuere cubilia curae donec pharetra magna vestibulum aliquet,936734
10112,nulla sed accumsan felis ut at dolor quis odio consequat varius,936955
85450,laoreet ut rhoncus aliquet pulvinar sed nisl nunc rhoncus dui,936968
17093,massa quis augue luctus tincidunt nulla mollis molestie lorem quisque,937459
63958,curabitur gravida nisi at nibh in hac habitasse platea dictumst,937682
67600,orci vehicula condimentum curabitur in libero ut massa volutpat convallis morbi,940350
37684,vestibulum vestibulum ante ipsum primis in faucibus orci luctus et ultrices,940866
47624,tempus vivamus in felis eu sapien cursus vestibulum proin eu,941178
69465,viverra pede ac diam cras pellentesque volutpat dui maecenas tristique,941869
15255,ullamcorper purus sit amet nulla quisque arcu libero rutrum ac,941928
81685,elementum ligula vehicula consequat morbi a ipsum integer a nibh in,943616
28435,bibendum felis sed interdum venenatis turpis enim blandit mi in,944525
32473,et magnis dis parturient montes nascetur ridiculus mus vivamus vestibulum,944825
87156,volutpat convallis morbi odio odio elementum eu interdum eu tincidunt in,945912
77644,at turpis a pede posuere nonummy integer non velit donec,946070
22205,erat quisque erat eros viverra eget congue eget semper rutrum,946403
89592,quam a odio in hac habitasse platea dictumst maecenas ut,946515
66351,non quam nec dui luctus rutrum nulla tellus in sagittis,946958
80190,ultrices vel augue vestibulum ante ipsum primis in faucibus orci luctus,947009
49606,in lacus curabitur at ipsum ac tellus semper interdum mauris,948502
40392,vitae mattis nibh ligula nec sem duis aliquam convallis nunc proin,948580
47198,rutrum rutrum neque aenean auctor gravida sem praesent id massa,951679
74084,cubilia curae nulla dapibus dolor vel est donec odio justo,953990
76078,interdum eu tincidunt in leo maecenas pulvinar lobortis est phasellus,954860
25989,blandit ultrices enim lorem ipsum dolor sit amet consectetuer adipiscing elit,957015
63040,sit amet cursus id turpis integer aliquet massa id lobortis,960154
47503,tortor sollicitudin mi sit amet lobortis sapien sapien non mi,960976
93690,ut nulla sed accumsan felis ut at dolor quis odio consequat,961362
50072,turpis a pede posuere nonummy integer non velit donec diam neque,961918
54491,lacinia aenean sit amet justo morbi ut odio cras mi,962542
84845,tincidunt ante vel ipsum praesent blandit lacinia erat vestibulum sed,962751
32091,donec ut dolor morbi vel lectus in quam fringilla rhoncus mauris,962781
40929,pharetra magna ac consequat metus sapien ut nunc vestibulum ante,965294
37656,urna ut tellus nulla ut erat id mauris vulputate elementum,965295
43565,libero ut massa volutpat convallis morbi odio odio elementum eu,965844
33144,at turpis donec posuere metus vitae ipsum aliquam non mauris morbi,965979
39416,ut blandit non interdum in ante vestibulum ante ipsum primis,966942
33662,at vulputate vitae nisl aenean lectus pellentesque eget nunc donec,968472
44241,a feugiat et eros vestibulum ac est lacinia nisi venenatis tristique,969173
32452,nisl ut volutpat sapien arcu sed augue aliquam erat volutpat,970507
17939,tellus in sagittis dui vel nisl duis ac nibh fusce,976478
72311,lectus in est risus auctor sed tristique in tempus sit amet,976583
74543,odio curabitur convallis duis consequat dui nec nisi volutpat eleifend,976790
38206,dis parturient montes nascetur ridiculus mus etiam vel augue vestibulum,977126
53825,sit amet sem fusce consequat nulla nisl nunc nisl duis,978815
45563,amet diam in magna bibendum imperdiet nullam orci pede venenatis,980686
22288,in hac habitasse platea dictumst maecenas ut massa quis augue luctus,981975
11108,mi in porttitor pede justo eu massa donec dapibus duis at,982874
82263,duis faucibus accumsan odio curabitur convallis duis consequat dui nec,983862
20194,sagittis nam congue risus semper porta volutpat quam pede lobortis ligula,984703
56580,hac habitasse platea dictumst aliquam augue quam sollicitudin vitae consectetuer,986535
30267,eu magna vulputate luctus cum sociis natoque penatibus et magnis,986759
71339,eu nibh quisque id justo sit amet sapien dignissim vestibulum vestibulum,988272
24671,semper porta volutpat quam pede lobortis ligula sit amet eleifend pede,989637
62339,neque sapien placerat ante nulla justo aliquam quis turpis eget,990705
26891,imperdiet nullam orci pede venenatis non sodales sed tincidunt eu felis,990966
11173,mattis pulvinar nulla pede ullamcorper augue a suscipit nulla elit,992618
91806,ut dolor morbi vel lectus in quam fringilla rhoncus mauris,993156
96627,congue elementum in hac habitasse platea dictumst morbi vestibulum velit id,993287
31528,fringilla rhoncus mauris enim leo rhoncus sed vestibulum sit amet,994176
89007,pellentesque at nulla suspendisse potenti cras in purus eu magna vulputate,995115
26471,eleifend quam a odio in hac habitasse platea dictumst maecenas,995297
24870,amet sem fusce consequat nulla nisl nunc nisl duis bibendum,996115
68113,nisi vulputate nonummy maecenas tincidunt lacus at velit vivamus vel,997954
80682,maecenas leo odio condimentum id luctus nec molestie sed justo pellentesque,998462